<Localisation lANG="RU_RU">
  <!-- Generic String -->
  <String ID="$CONTINUE">Продолжить</String>
  <String ID="$CANCEL">Отмена</String>
  <String ID="$EDIT">Редактировать</String>
  <String ID="$INDEX">Индекс</String>
  <String ID="$ENTRY_NAME">Наименование записи</String>
  
  <!-- Game Explorer Strings -->
  <String ID="$CREDITS">Особая благодарность</String>
  <String ID="$VIEW">Вид</String>
  <String ID="$FILE">Файл</String>
  <String ID="$TOOLS">Инструменты</String>
  <String ID="$BTN_OPEN_MII">Открыть Mafia II</String>
  <String ID="$BTN_RUN_MII">Запустить Mafia II</String>
  <String ID="$EXIT">Выход</String>
  <String ID="$OPTIONS">Настройки</String>
  <String ID="$SELECT_MII_FOLDER">Выберите папку с MafiaII, содержащей "launcher.exe"</String>
  <String ID="$ICON">Значок</String>
  <String ID="$DETAILS">Подробнее</String>
  <String ID="$SMALL_ICON">Маленький значок</String>
  <String ID="$LIST">Список</String>
  <String ID="$TILE">Плитка</String>
  <String ID="$MII_TK_GAME_EXPLORER">Mafia II Toolkit: проводник по игровым файлам</String>
  <String ID="$UNPACK_ALL_SDS">Распаковать все SDS</String>
  <String ID="$OPEN_FOLDER_EXPLORER">Открыть папку в Проводнике</String>
  <String ID="$PACK">Запаковать</String>
  <String ID="$UNPACK">Распаковать</String>
  <String ID="$LAST_MODIFIED">Последние изменение</String>
  <String ID="$NAME">Имя</String>
  <String ID="$SIZE">Размер</String>
  <String ID="$TYPE">Тип</String>
  <String ID="$SEARCH_TOOLTIP">Поиск</String>
  <String ID="$SEARCH_DOTS">Поиск...</String>
  <String ID="$REFRESH">Обновить</String>
  <String ID="$FOLDER_PATH_TOOLTIP">Путь к папке </String>
  <String ID="$UP_TOOLTIP">Вверх</String>
  
  <!-- Main Options Strings-->
  <String ID="$GENERAL">Общие</String>
  <String ID="$SDS_OPTIONS">Настройки SDS</String>
  <String ID="$MODEL_EXPORTING">Экспорт моделей</String>
  <String ID="$MATERIAL_LIBS">Библиотека</String>

  <!-- General Options Strings-->
  <String ID="$ENABLE_DEBUG_LOGGING">Включить отладочные логи</String>
  <String ID="$MII_DIRECTORY">Директория Mafia II</String>
  <String ID="$DISCORD_RICH_PRESENCE">Discord Rich Presence</String>
  <String ID="$DISCORD_TOGGLE_ELAPSED_TIME">Отображать затраченное время</String>
  <String ID="$DISCORD_TOGGLE_STATE">Отображать состояние </String>
  <String ID="$DISCORD_TOGGLE_DETAILS">Отображать подробную информацию </String>
  <String ID="$DISCORD_TOGGLE_RICH_PRESENCE">Включить Rich Presence</String>
  <String ID="$LANGUAGE_ENGLISH">English</String>
  <String ID="$LANGUAGE_RUSSIAN">русский</String>
  <String ID="$LANGUAGE_CZECH">čeština</String>
  <String ID="$LANGUAGE_POLISH">Polish</String>
  <String ID="$LANGUAGE_OPTION">Язык</String>
  
  <!-- Model/Exporting Option Strings-->
  <String ID="$EXPORT_PATH_TITLE">Путь</String>
  <String ID="$EXPORT_PATH_DESC">Укажите куда экспортировать модели.</String>
  <String ID="$EXPORT_MODELTYPE_TITLE">Формат экспортируемых моделей.</String>
  
  <!-- Material Libs Option Strings-->
  <String ID="$MATERIAL_LIB_REMOVE">Убрать выбранные библиотеки</String>
  <String ID="$MATERIAL_LIB_ADD">Добавить библиотеку</String>
  <String ID="$MATERIAL_LIB_SELECTED">Выбранные библиотеки</String>
  
  <!-- SDS Options -->
  <String ID="$SDS_COMPRESSION_TYPE">Тип сжатия.</String>
  <String ID="$SDS_UNCOMPRESSED">Несжатый</String>
  <String ID="$SDS_COMPRESSED">Сжатый</String>
  <String ID="$SDS_ONEBLOCK">Один блок</String>

  <!-- Render Options -->
  <String ID="$RENDER">Рендеринг</String>
  <String ID="$RENDER_OPTIONS">Настройки рендера</String>
  <String ID="$RENDER_SCREENFAR">Дальний Экран</String>
  <String ID="$RENDER_SCREENEAR">Ближний Экран</String>
  <String ID="$RENDER_CAMERASPEED">Скорость камеры </String>
  <String ID="$TEXTURE_DIRECTORY">Каталог Текстур </String>
  <String ID="$SELECT_TEX_FOLDER">Выберите папку, содержащую текстуры.</String>
  
  <!-- Collision Editor Form Strings-->
  <String ID="$SAVE">Сохранить</String>
  <String ID="$RELOAD">Перезагрузить</String>
  <String ID="$COLLISION_DELETE">Удалить Коллизию</String>
  <String ID="$COLLISION_ADD">Добавить Коллизию</String>
  <String ID="$PLACEMENT_DELETE">Удалить Экземпляр</String>
  <String ID="$PLACEMENT_ADD">Добавить Экземпляр </String>
  <String ID="$SELECT_MODEL_FILE">Выбор модели.</String>
  <String ID="$COLLISION_EDITOR_TITLE">Редактирование Коллизий</String>
  
  <!-- Material Editor Form Strings-->
  <String ID="$MATERIAL_ADD">Добавить Материал</String>
  <String ID="$MATERIAL_DELETE">Удалить Материал</String>
  <String ID="$MATERIAL_UPDATE_LIST">Обновить лист с Материалов </String>
  <String ID="$MATERIAL_EDITOR_TITLE">Редактор Библиотеки Материалов.</String>
  <String ID="$OPEN">Открыть</String>
  <String ID="$QUESTION_NAME_OF_MAT">Пожалуйста, введите название материала:</String>
  
  <!-- FrameResource Editor Form Strings-->
  <String ID="$FRAME_EDITOR_EXPORT_BTN">Экспортируем модели....</String>
  <String ID="$FRAME_EDITOR_MODELS">Редактор моделей (FrameNameTable)</String>
  <String ID="$FRAME_EDITOR_ALL">Все модели</String>
  <String ID="$FRAME_EDITOR_OVERWRITE_BUFFER">Переписать Буфер</String>
  <String ID="$FRAME_EDITOR_ADD_BUTTON">Добавить новую запись</String>
  <String ID="$FRAME_EDITOR_MODIFY_HEADER">Изменить заголовок</String>
  <String ID="$FRAME_EDITOR_SWITCH_VIEW">Сменить вид.</String>
  <String ID="$FRAME_EDITOR_EXTRACT3D">Распаковать модель</String>
  <String ID="$DELETE">Удалить</String>
  <String ID="$FRAME_EDITOR_UPDATE_PARENTS">Обновить родителя</String>
  <String ID="$FRAME_EDITOR_UPDATE_PARENTS_TT">Выберите сцену, в которую добавить как родителя.</String>
  <String ID="$FRAME_EDITOR_TITLE">Редактор ресурсов</String>
  
  <!-- NewObjForm Form Strings-->
  <String ID="$NEWOBJFORM_TITLE">Ввод имени</String>
  <String ID="$QUESTION_NOT_NEEDED">Данный вариант не требует имени</String>
  <String ID="$SCENE_OPTIONS">Настройки сцены</String>
  <String ID="$FSCENE_OFFSET">Смещение по координатам </String>

  <!-- Error strings -->
  <String ID="$ERROR_DID_NOT_FIND_LAUNCHER">Не удалось найти MafiaII 'launcher.exe', пожалуйста, укажите корректный путь!</String>
  <String ID="$ERROR_TITLE">Ошибочка!</String>
  <String ID="$ERROR_SELECT_ITEM">Выбери что-нибудь!!!</String>
  <String ID="$ERROR_DIDNT_FIND_MTL">Невозможно загрузить материал. Обнаружена ошибка: \n\n</String>

  <!-- CityArea Strings -->
  <String ID="$CITY_AREA_EDITOR_TITLE">Редактор CityArea</String>
  <String ID="$AREA_DATA">Данные области</String>
  <String ID="$AREA_1">Область 1</String>
  <String ID="$AREA_NAME">Название Области</String>
  <String ID="$AREA_2">Область 2</String>
  <String ID="$UNK_BYTE">Unk Байт</String>
  <String ID="$SAVE_AREA">Сохранение Области!</String>
  <String ID="$RELOAD_AREA">Обновить область..</String>

  <!-- CityShop Strings -->
  <String ID="$CITY_SHOP_EDITOR_TITLE">Редактор CityShop </String>
  <String ID="$ADD_AREA">Добавить область</String>
  <String ID="$ADD_DATA">Добавить данные</String>
  <String ID="$POPULATE_TRANSLOKATORS">Заполнить Новые Транслокаторы!</String>

  <!-- Table Editor string -->
  <String ID="$TABLE_EDITOR_TITLE">Редактор Таблицы</String>
  <String ID="$TABLE_ADD_ROW">Добавить ряд</String>
  <String ID="$TABLE_ADD_COLUMN">Добавить слолб.</String>
  
  <!-- Renderer strings -->
  <String ID="$CREATE">Создать</String>
  <String ID="$VIEW_OPTIONS">Настройки Вида </String>
  <String ID="$VIEW_PROPERTY_GRID">Просмотр сетки свойств </String>
  <String ID="$VIEW_SCENE_TREE">Просмотор</String>
  <String ID="$VIEW_VIS_OPTIONS">Просмотр параметров видимости.</String>
  <String ID="$TOGGLE_MODELS">Переключение моделей  </String>
  <String ID="$TOGGLE_COLLISIONS">Переключение Коллизий</String>
  <String ID="$TOGGLE_BOXES">Переключение Боксов </String>
  <String ID="$ADD">Добавление..</String>
  <String ID="$ADD_SCENE_FOLDER">Добавить Папку Сцены</String>
  <String ID="$ADD_ROAD_SPLINE">Добавить Дорожный Сплайн</String>
  <String ID="$VISIBLE">Видимый</String>
  <String ID="$HIDDEN">Скрыть</String>
  <String ID="$EDIT_TRANSFORM">Изменить Преобразование</String>
  <String ID="$PROPERTY_GRID">Сетка Свойств</String>
  <String ID="$TOGGLE_WIREFRAME">Переключение визуализации </String>
  <String ID="$TOGGLE_CULLING">Отключить калибровку  </String>
  <String ID="$POSITION_X">Позиция X</String>
  <String ID="$POSITION_Y">Позиция Y</String>
  <String ID="$POSITION_Z">Позиция Z</String>
  <String ID="$ROTATION_X">Вращение X</String>
  <String ID="$ROTATION_Y">Вращение Y</String>
  <String ID="$ROTATION_Z">Вращение Z</String>
</Localisation>